run_id,timestamp_local,optimizer,iteration,cost,maxiter,n_dim,elapsed_seconds
20260318_111348,2026-03-18T11:14:19,SPSA,1,1.116976001282165,300,2,30.780542
20260318_111348,2026-03-18T11:14:21,SPSA,2,1.1458302932644904,300,2,32.65145
20260318_111348,2026-03-18T11:14:23,SPSA,3,1.2147476265694153,300,2,34.625505
20260318_111348,2026-03-18T11:14:25,SPSA,4,1.2034817721728337,300,2,36.590442
20260318_111348,2026-03-18T11:14:27,SPSA,5,1.1917819262421068,300,2,38.564172
20260318_111348,2026-03-18T11:14:29,SPSA,6,1.1179178015608733,300,2,40.572185
20260318_111348,2026-03-18T11:14:31,SPSA,7,0.9461351692318222,300,2,42.548563
20260318_111348,2026-03-18T11:14:33,SPSA,8,0.9246594142220651,300,2,44.759089
20260318_111348,2026-03-18T11:14:35,SPSA,9,0.9248348310671861,300,2,46.787398
20260318_111348,2026-03-18T11:14:37,SPSA,10,0.8379276825610834,300,2,48.804527
20260318_111348,2026-03-18T11:14:39,SPSA,11,0.7702927025067106,300,2,50.824946
20260318_111348,2026-03-18T11:14:41,SPSA,12,0.7403934481852059,300,2,52.920418
20260318_111348,2026-03-18T11:14:43,SPSA,13,0.7329869092311014,300,2,54.94024
20260318_111348,2026-03-18T11:14:45,SPSA,14,0.727551956568113,300,2,56.817643
20260318_111348,2026-03-18T11:14:47,SPSA,15,0.72749198686666,300,2,58.736457
20260318_111348,2026-03-18T11:14:49,SPSA,16,0.69967329420643,300,2,60.64951
20260318_111348,2026-03-18T11:14:51,SPSA,17,0.6867411097242458,300,2,62.607676
20260318_111348,2026-03-18T11:14:53,SPSA,18,0.6794264361751081,300,2,64.936007
20260318_111348,2026-03-18T11:14:55,SPSA,19,0.6793564795118834,300,2,66.989857
20260318_111348,2026-03-18T11:14:57,SPSA,20,0.6783627781353028,300,2,68.955172
20260318_111348,2026-03-18T11:14:59,SPSA,21,0.6773853972553892,300,2,70.935417
20260318_111348,2026-03-18T11:15:01,SPSA,22,0.6773372837155278,300,2,72.937784
20260318_111348,2026-03-18T11:15:03,SPSA,23,0.6724433787960489,300,2,74.886534
20260318_111348,2026-03-18T11:15:05,SPSA,24,0.6711661425660632,300,2,76.875789
20260318_111348,2026-03-18T11:15:07,SPSA,25,0.6711849040189232,300,2,78.91139
20260318_111348,2026-03-18T11:15:09,SPSA,26,0.6710605335384521,300,2,80.875902
20260318_111348,2026-03-18T11:15:11,SPSA,27,0.6686357560248564,300,2,83.052077
20260318_111348,2026-03-18T11:15:13,SPSA,28,0.6683970037926197,300,2,85.05081
20260318_111348,2026-03-18T11:15:15,SPSA,29,0.666912889877703,300,2,87.170563
20260318_111348,2026-03-18T11:15:18,SPSA,30,0.6669101847803846,300,2,89.343061
20260318_111348,2026-03-18T11:15:20,SPSA,31,0.6666446471625294,300,2,91.637712
20260318_111348,2026-03-18T11:15:22,SPSA,32,0.6666371157117955,300,2,94.10133
20260318_111348,2026-03-18T11:15:25,SPSA,33,0.6666552634752911,300,2,96.527785
20260318_111348,2026-03-18T11:15:27,SPSA,34,0.6666418742027663,300,2,99.00606
20260318_111348,2026-03-18T11:15:30,SPSA,35,0.6665019290545718,300,2,101.37235
20260318_111348,2026-03-18T11:15:32,SPSA,36,0.6662734678109437,300,2,103.801128
20260318_111348,2026-03-18T11:15:35,SPSA,37,0.6662762254664223,300,2,106.416403
20260318_111348,2026-03-18T11:15:37,SPSA,38,0.6662193413538742,300,2,108.767148
20260318_111348,2026-03-18T11:15:39,SPSA,39,0.6658531612146069,300,2,110.69941
20260318_111348,2026-03-18T11:15:41,SPSA,40,0.6655455841277939,300,2,112.619173
20260318_111348,2026-03-18T11:15:43,SPSA,41,0.665530653210674,300,2,114.55077
20260318_111348,2026-03-18T11:15:45,SPSA,42,0.6648381015805236,300,2,116.537673
20260318_111348,2026-03-18T11:15:47,SPSA,43,0.664377293837473,300,2,118.57769
20260318_111348,2026-03-18T11:15:49,SPSA,44,0.6637681352144625,300,2,120.505435
20260318_111348,2026-03-18T11:15:51,SPSA,45,0.6636415347389906,300,2,122.462309
20260318_111348,2026-03-18T11:15:53,SPSA,46,0.6636565700433755,300,2,124.425676
20260318_111348,2026-03-18T11:15:55,SPSA,47,0.663372734397338,300,2,126.513856
20260318_111348,2026-03-18T11:15:57,SPSA,48,0.6633332988434142,300,2,128.510468
20260318_111348,2026-03-18T11:15:59,SPSA,49,0.6630122824306062,300,2,130.519928
20260318_111348,2026-03-18T11:16:01,SPSA,50,0.6628217193264961,300,2,132.582829
20260318_111348,2026-03-18T11:16:03,SPSA,51,0.662805561247655,300,2,134.655997
20260318_111348,2026-03-18T11:16:05,SPSA,52,0.6627964781182252,300,2,136.754607
20260318_111348,2026-03-18T11:16:07,SPSA,53,0.6628012847173383,300,2,138.991612
20260318_111348,2026-03-18T11:16:09,SPSA,54,0.6627199461072698,300,2,141.307543
20260318_111348,2026-03-18T11:16:12,SPSA,55,0.6625666412750377,300,2,143.714118
20260318_111348,2026-03-18T11:16:14,SPSA,56,0.6624676407727719,300,2,146.290773
20260318_111348,2026-03-18T11:16:17,SPSA,57,0.6622287774870752,300,2,148.728506
20260318_111348,2026-03-18T11:16:19,SPSA,58,0.6620066287646479,300,2,151.104751
20260318_111348,2026-03-18T11:16:22,SPSA,59,0.6619436967325564,300,2,153.518497
20260318_111348,2026-03-18T11:16:24,SPSA,60,0.6619344917954416,300,2,155.958553
20260318_111348,2026-03-18T11:16:26,SPSA,61,0.661918593232559,300,2,157.991324
20260318_111348,2026-03-18T11:16:28,SPSA,62,0.6617221061476851,300,2,160.063543
20260318_111348,2026-03-18T11:16:30,SPSA,63,0.6615850920437976,300,2,162.052766
20260318_111348,2026-03-18T11:16:32,SPSA,64,0.6615893206373303,300,2,164.051639
20260318_111348,2026-03-18T11:16:34,SPSA,65,0.6615937944847167,300,2,166.006654
20260318_111348,2026-03-18T11:16:36,SPSA,66,0.6615509292331783,300,2,168.236569
20260318_111348,2026-03-18T11:16:38,SPSA,67,0.6615573982749671,300,2,170.207833
20260318_111348,2026-03-18T11:16:40,SPSA,68,0.6615628452447987,300,2,172.153598
20260318_111348,2026-03-18T11:16:42,SPSA,69,0.6615568648539235,300,2,174.260922
20260318_111348,2026-03-18T11:16:45,SPSA,70,0.6615534937791218,300,2,176.356691
20260318_111348,2026-03-18T11:16:47,SPSA,71,0.6614332586231383,300,2,178.516235
20260318_111348,2026-03-18T11:16:49,SPSA,72,0.6613595673094542,300,2,180.781663
20260318_111348,2026-03-18T11:16:51,SPSA,73,0.6613050332125979,300,2,183.167959
20260318_111348,2026-03-18T11:16:54,SPSA,74,0.6612559457542136,300,2,185.622319
20260318_111348,2026-03-18T11:16:56,SPSA,75,0.6612246204287985,300,2,187.941138
20260318_111348,2026-03-18T11:16:59,SPSA,76,0.6611590275407315,300,2,190.657209
20260318_111348,2026-03-18T11:17:01,SPSA,77,0.6611445288249834,300,2,193.073998
20260318_111348,2026-03-18T11:17:04,SPSA,78,0.661094728876114,300,2,195.573126
20260318_111348,2026-03-18T11:17:06,SPSA,79,0.6610714819038528,300,2,197.981214
20260318_111348,2026-03-18T11:17:08,SPSA,80,0.6610415564695886,300,2,200.087658
20260318_111348,2026-03-18T11:17:10,SPSA,81,0.6610483025633599,300,2,202.026619
20260318_111348,2026-03-18T11:17:12,SPSA,82,0.6610432964428972,300,2,203.969471
20260318_111348,2026-03-18T11:17:14,SPSA,83,0.6609944272564952,300,2,205.921515
20260318_111348,2026-03-18T11:17:16,SPSA,84,0.6610032320726792,300,2,207.874701
20260318_111348,2026-03-18T11:17:18,SPSA,85,0.6610034731734941,300,2,210.108356
20260318_111348,2026-03-18T11:17:20,SPSA,86,0.6610036009942323,300,2,212.179118
20260318_111348,2026-03-18T11:17:22,SPSA,87,0.66100867663828,300,2,214.291911
20260318_111348,2026-03-18T11:17:25,SPSA,88,0.6609884845798483,300,2,216.375734
20260318_111348,2026-03-18T11:17:27,SPSA,89,0.6609707659331725,300,2,218.464117
20260318_111348,2026-03-18T11:17:29,SPSA,90,0.6609347241890126,300,2,220.631787
20260318_111348,2026-03-18T11:17:31,SPSA,91,0.6609101789681692,300,2,222.900535
20260318_111348,2026-03-18T11:17:33,SPSA,92,0.660914798159267,300,2,225.245126
20260318_111348,2026-03-18T11:17:36,SPSA,93,0.6608991665729469,300,2,227.550552
20260318_111348,2026-03-18T11:17:38,SPSA,94,0.6609031358454683,300,2,229.894856
20260318_111348,2026-03-18T11:17:41,SPSA,95,0.6608912950856606,300,2,232.414619
20260318_111348,2026-03-18T11:17:43,SPSA,96,0.660881370635373,300,2,234.739294
20260318_111348,2026-03-18T11:17:45,SPSA,97,0.6608856866527705,300,2,237.154828
20260318_111348,2026-03-18T11:17:47,SPSA,98,0.6608865391887667,300,2,239.125802
20260318_111348,2026-03-18T11:17:49,SPSA,99,0.6608597291831635,300,2,240.992363
20260318_111348,2026-03-18T11:17:51,SPSA,100,0.6608488983483247,300,2,242.914724
20260318_111348,2026-03-18T11:17:53,SPSA,101,0.6608520257952438,300,2,244.815859
20260318_111348,2026-03-18T11:17:55,SPSA,102,0.6608454163384664,300,2,246.716894
20260318_111348,2026-03-18T11:17:57,SPSA,103,0.66083061020839,300,2,248.629084
20260318_111348,2026-03-18T11:17:59,SPSA,104,0.6608277756376952,300,2,250.671426
20260318_111348,2026-03-18T11:18:01,SPSA,105,0.6608199841302133,300,2,252.879103
20260318_111348,2026-03-18T11:18:03,SPSA,106,0.6608246383975994,300,2,255.004043
20260318_111348,2026-03-18T11:18:06,SPSA,107,0.6608200198556042,300,2,257.329982
20260318_111348,2026-03-18T11:18:08,SPSA,108,0.6608216803838368,300,2,259.658444
20260318_111348,2026-03-18T11:18:10,SPSA,109,0.6608223311683413,300,2,261.978398
20260318_111348,2026-03-18T11:18:12,SPSA,110,0.6608197021992944,300,2,264.280862
20260318_111348,2026-03-18T11:18:15,SPSA,111,0.6608203624419231,300,2,266.576905
20260318_111348,2026-03-18T11:18:17,SPSA,112,0.6608209750828484,300,2,268.888898
20260318_111348,2026-03-18T11:18:19,SPSA,113,0.660819042406306,300,2,271.203154
20260318_111348,2026-03-18T11:18:22,SPSA,114,0.6608001528677829,300,2,273.384061
20260318_111348,2026-03-18T11:18:24,SPSA,115,0.660803229559728,300,2,275.470483
20260318_111348,2026-03-18T11:18:26,SPSA,116,0.6607979620991264,300,2,277.4027
20260318_111348,2026-03-18T11:18:28,SPSA,117,0.6607951353204864,300,2,279.334396
20260318_111348,2026-03-18T11:18:29,SPSA,118,0.6607999170257205,300,2,281.260813
20260318_111348,2026-03-18T11:18:31,SPSA,119,0.6607967922610313,300,2,283.266798
20260318_111348,2026-03-18T11:18:33,SPSA,120,0.6607836028514673,300,2,285.144492
20260318_111348,2026-03-18T11:18:35,SPSA,121,0.6607765599725542,300,2,287.084223
20260318_111348,2026-03-18T11:18:37,SPSA,122,0.6607644590226823,300,2,289.13598
20260318_111348,2026-03-18T11:18:39,SPSA,123,0.6607597014353178,300,2,291.264174
20260318_111348,2026-03-18T11:18:42,SPSA,124,0.660762463975326,300,2,293.722018
20260318_111348,2026-03-18T11:18:44,SPSA,125,0.6607635083358079,300,2,296.022586
20260318_111348,2026-03-18T11:18:47,SPSA,126,0.6607592146810845,300,2,298.337471
20260318_111348,2026-03-18T11:18:49,SPSA,127,0.6607561645456227,300,2,300.663717
20260318_111348,2026-03-18T11:18:51,SPSA,128,0.6607573495845501,300,2,303.248422
20260318_111348,2026-03-18T11:18:54,SPSA,129,0.6607529108127372,300,2,305.615396
20260318_111348,2026-03-18T11:18:56,SPSA,130,0.6607508755328181,300,2,307.976821
20260318_111348,2026-03-18T11:18:58,SPSA,131,0.6607451494159307,300,2,310.005188
20260318_111348,2026-03-18T11:19:00,SPSA,132,0.6607464757682877,300,2,312.118397
20260318_111348,2026-03-18T11:19:02,SPSA,133,0.6607476830447251,300,2,314.175321
20260318_111348,2026-03-18T11:19:05,SPSA,134,0.6607437289393459,300,2,316.482615
20260318_111348,2026-03-18T11:19:07,SPSA,135,0.6607449416222625,300,2,319.268489
20260318_111348,2026-03-18T11:19:10,SPSA,136,0.6607453837039818,300,2,322.078847
20260318_111348,2026-03-18T11:19:12,SPSA,137,0.6607434970561056,300,2,324.246647
20260318_111348,2026-03-18T11:19:15,SPSA,138,0.6607449055328228,300,2,326.849037
20260318_111348,2026-03-18T11:19:18,SPSA,139,0.6607456873875602,300,2,329.942008
20260318_111348,2026-03-18T11:19:21,SPSA,140,0.6607479612256825,300,2,333.129052
20260318_111348,2026-03-18T11:19:24,SPSA,141,0.6607441209357154,300,2,336.276132
20260318_111348,2026-03-18T11:19:27,SPSA,142,0.6607401169140377,300,2,339.045158
20260318_111348,2026-03-18T11:19:30,SPSA,143,0.6607332133338621,300,2,341.927144
20260318_111348,2026-03-18T11:19:33,SPSA,144,0.6607333848381313,300,2,344.643579
20260318_111348,2026-03-18T11:19:35,SPSA,145,0.6607287926828367,300,2,347.185889
20260318_111348,2026-03-18T11:19:38,SPSA,146,0.6607274799615532,300,2,349.731924
20260318_111348,2026-03-18T11:19:40,SPSA,147,0.6607261120240199,300,2,352.182997
20260318_111348,2026-03-18T11:19:43,SPSA,148,0.6607248572897158,300,2,354.719247
20260318_111348,2026-03-18T11:19:45,SPSA,149,0.6607267678744552,300,2,356.871397
20260318_111348,2026-03-18T11:19:47,SPSA,150,0.6607277780510264,300,2,358.935094
20260318_111348,2026-03-18T11:19:49,SPSA,151,0.6607254823014358,300,2,360.906592
20260318_111348,2026-03-18T11:19:51,SPSA,152,0.6607233763236132,300,2,362.889338
20260318_111348,2026-03-18T11:19:53,SPSA,153,0.6607196970171149,300,2,365.060021
20260318_111348,2026-03-18T11:19:55,SPSA,154,0.6607194637825893,300,2,367.016524
20260318_111348,2026-03-18T11:19:57,SPSA,155,0.660718942340431,300,2,369.041088
20260318_111348,2026-03-18T11:19:59,SPSA,156,0.6607133076097977,300,2,371.07223
20260318_111348,2026-03-18T11:20:01,SPSA,157,0.6607153767490189,300,2,373.108
20260318_111348,2026-03-18T11:20:04,SPSA,158,0.6607120081680772,300,2,375.33496
20260318_111348,2026-03-18T11:20:06,SPSA,159,0.6607104983398048,300,2,377.584848
20260318_111348,2026-03-18T11:20:08,SPSA,160,0.6607138553661901,300,2,380.268438
20260318_111348,2026-03-18T11:20:11,SPSA,161,0.6607149127434446,300,2,383.00831
20260318_111348,2026-03-18T11:20:14,SPSA,162,0.6607149417425902,300,2,385.74779
20260318_111348,2026-03-18T11:20:17,SPSA,163,0.6607128310594876,300,2,388.584341
20260318_111348,2026-03-18T11:20:19,SPSA,164,0.6607093634770351,300,2,391.062775
20260318_111348,2026-03-18T11:20:22,SPSA,165,0.660712552560197,300,2,393.632587
20260318_111348,2026-03-18T11:20:24,SPSA,166,0.660713570475948,300,2,396.002106
20260318_111348,2026-03-18T11:20:27,SPSA,167,0.6607107308024587,300,2,398.35513
20260318_111348,2026-03-18T11:20:29,SPSA,168,0.6607135933887904,300,2,400.853918
20260318_111348,2026-03-18T11:20:31,SPSA,169,0.6607155735445497,300,2,403.132042
20260318_111348,2026-03-18T11:20:33,SPSA,170,0.6607171527794589,300,2,405.166268
20260318_111348,2026-03-18T11:20:36,SPSA,171,0.6607190168610866,300,2,407.900518
20260318_111348,2026-03-18T11:20:39,SPSA,172,0.6607200475805601,300,2,410.581209
20260318_111348,2026-03-18T11:20:41,SPSA,173,0.6607230867879025,300,2,413.161511
20260318_111348,2026-03-18T11:20:44,SPSA,174,0.6607249757647109,300,2,416.241562
20260318_111348,2026-03-18T11:20:47,SPSA,175,0.6607244551454607,300,2,418.686939
20260318_111348,2026-03-18T11:20:49,SPSA,176,0.6607233833573091,300,2,421.169739
20260318_111348,2026-03-18T11:20:52,SPSA,177,0.6607229265262836,300,2,423.833134
20260318_111348,2026-03-18T11:20:55,SPSA,178,0.6607241707836835,300,2,426.367433
20260318_111348,2026-03-18T11:20:57,SPSA,179,0.6607266937778893,300,2,428.860406
20260318_111348,2026-03-18T11:20:59,SPSA,180,0.6607260036890727,300,2,431.290686
20260318_111348,2026-03-18T11:21:02,SPSA,181,0.6607221831044202,300,2,433.821747
20260318_111348,2026-03-18T11:21:05,SPSA,182,0.6607213549815526,300,2,436.529291
20260318_111348,2026-03-18T11:21:07,SPSA,183,0.6607195819635484,300,2,438.924333
20260318_111348,2026-03-18T11:21:09,SPSA,184,0.6607192119337927,300,2,440.927737
20260318_111348,2026-03-18T11:21:11,SPSA,185,0.6607186638998747,300,2,442.856838
20260318_111348,2026-03-18T11:21:13,SPSA,186,0.6607205848189579,300,2,444.834011
20260318_111348,2026-03-18T11:21:15,SPSA,187,0.6607191642873557,300,2,446.797363
20260318_111348,2026-03-18T11:21:17,SPSA,188,0.660718001552778,300,2,448.874062
20260318_111348,2026-03-18T11:21:19,SPSA,189,0.660717512953764,300,2,451.222484
20260318_111348,2026-03-18T11:21:22,SPSA,190,0.6607143422660328,300,2,453.796637
20260318_111348,2026-03-18T11:21:24,SPSA,191,0.6607182226518024,300,2,455.890831
20260318_111348,2026-03-18T11:21:26,SPSA,192,0.660715792271995,300,2,458.184859
20260318_111348,2026-03-18T11:21:29,SPSA,193,0.660717474753942,300,2,460.60448
20260318_111348,2026-03-18T11:21:31,SPSA,194,0.6607218866874162,300,2,463.190238
20260318_111348,2026-03-18T11:21:34,SPSA,195,0.6607211517135647,300,2,465.732153
20260318_111348,2026-03-18T11:21:36,SPSA,196,0.6607120840259424,300,2,468.134801
20260318_111348,2026-03-18T11:21:39,SPSA,197,0.6607009499096308,300,2,470.511793
20260318_111348,2026-03-18T11:21:41,SPSA,198,0.6607042457323715,300,2,472.874035
20260318_111348,2026-03-18T11:21:44,SPSA,199,0.6607045739615413,300,2,475.341189
20260318_111348,2026-03-18T11:21:46,SPSA,200,0.6607058151193018,300,2,477.65826
20260318_111348,2026-03-18T11:21:49,SPSA,201,0.6607074236873093,300,2,480.436721
20260318_111348,2026-03-18T11:21:51,SPSA,202,0.6607098850494674,300,2,483.128736
20260318_111348,2026-03-18T11:21:54,SPSA,203,0.6607098519114873,300,2,485.732796
20260318_111348,2026-03-18T11:21:56,SPSA,204,0.6607125548230931,300,2,488.224635
20260318_111348,2026-03-18T11:21:58,SPSA,205,0.6607132544482911,300,2,490.215625
20260318_111348,2026-03-18T11:22:01,SPSA,206,0.6607060561846032,300,2,492.340503
20260318_111348,2026-03-18T11:22:03,SPSA,207,0.6607083819732,300,2,494.38822
20260318_111348,2026-03-18T11:22:05,SPSA,208,0.6607027908326895,300,2,496.348045
20260318_111348,2026-03-18T11:22:07,SPSA,209,0.6606998742764408,300,2,498.410955
20260318_111348,2026-03-18T11:22:09,SPSA,210,0.6607016081673203,300,2,500.67303
20260318_111348,2026-03-18T11:22:11,SPSA,211,0.6607010124148317,300,2,503.102423
20260318_111348,2026-03-18T11:22:14,SPSA,212,0.6606984249792308,300,2,505.338196
20260318_111348,2026-03-18T11:22:16,SPSA,213,0.6606922028967799,300,2,507.710688
20260318_111348,2026-03-18T11:22:18,SPSA,214,0.6606876094394041,300,2,510.286785
20260318_111348,2026-03-18T11:22:21,SPSA,215,0.6606867874331647,300,2,512.777447
20260318_111348,2026-03-18T11:22:23,SPSA,216,0.6606862761960989,300,2,515.251418
20260318_111348,2026-03-18T11:22:26,SPSA,217,0.6606869173740776,300,2,517.662439
20260318_111348,2026-03-18T11:22:28,SPSA,218,0.6606857752903983,300,2,520.08729
20260318_111348,2026-03-18T11:22:31,SPSA,219,0.6606862861186954,300,2,522.612599
20260318_111348,2026-03-18T11:22:33,SPSA,220,0.6606852059085849,300,2,525.093214
20260318_111348,2026-03-18T11:22:36,SPSA,221,0.6606857730066628,300,2,527.696032
20260318_111348,2026-03-18T11:22:38,SPSA,222,0.6606864332476237,300,2,530.122513
20260318_111348,2026-03-18T11:22:41,SPSA,223,0.6606856806756264,300,2,532.512736
20260318_111348,2026-03-18T11:22:43,SPSA,224,0.6606867746238031,300,2,534.953738
20260318_111348,2026-03-18T11:22:45,SPSA,225,0.6606859055962552,300,2,537.233684
20260318_111348,2026-03-18T11:22:47,SPSA,226,0.6606855488275392,300,2,539.217939
20260318_111348,2026-03-18T11:22:49,SPSA,227,0.66068508802309,300,2,541.196278
20260318_111348,2026-03-18T11:22:51,SPSA,228,0.6606847850303862,300,2,543.191934
20260318_111348,2026-03-18T11:22:53,SPSA,229,0.6606854699214941,300,2,545.269581
20260318_111348,2026-03-18T11:22:56,SPSA,230,0.6606853547090801,300,2,547.513737
20260318_111348,2026-03-18T11:22:58,SPSA,231,0.6606859090835099,300,2,549.575135
20260318_111348,2026-03-18T11:23:00,SPSA,232,0.6606860511405418,300,2,551.585856
20260318_111348,2026-03-18T11:23:02,SPSA,233,0.6606850069375686,300,2,553.622294
20260318_111348,2026-03-18T11:23:04,SPSA,234,0.6606842040300576,300,2,555.849251
20260318_111348,2026-03-18T11:23:06,SPSA,235,0.6606846799315303,300,2,558.065835
20260318_111348,2026-03-18T11:23:09,SPSA,236,0.6606823955782406,300,2,560.592237
20260318_111348,2026-03-18T11:23:11,SPSA,237,0.6606816310484982,300,2,563.156711
20260318_111348,2026-03-18T11:23:14,SPSA,238,0.6606807979171825,300,2,565.545559
20260318_111348,2026-03-18T11:23:16,SPSA,239,0.660681818713926,300,2,568.007736
20260318_111348,2026-03-18T11:23:19,SPSA,240,0.6606804451095556,300,2,570.672291
20260318_111348,2026-03-18T11:23:21,SPSA,241,0.6606808513393403,300,2,573.258378
20260318_111348,2026-03-18T11:23:24,SPSA,242,0.6606811215678852,300,2,575.856971
20260318_111348,2026-03-18T11:23:27,SPSA,243,0.6606787158081511,300,2,578.371688
20260318_111348,2026-03-18T11:23:29,SPSA,244,0.6606785899577933,300,2,580.962171
20260318_111348,2026-03-18T11:23:32,SPSA,245,0.6606787942449293,300,2,583.486959
20260318_111348,2026-03-18T11:23:34,SPSA,246,0.6606780539626856,300,2,585.991407
20260318_111348,2026-03-18T11:23:36,SPSA,247,0.6606793696197645,300,2,588.028497
20260318_111348,2026-03-18T11:23:38,SPSA,248,0.6606812138570239,300,2,589.963304
20260318_111348,2026-03-18T11:23:40,SPSA,249,0.6606809716782657,300,2,591.982607
20260318_111348,2026-03-18T11:23:42,SPSA,250,0.6606809806457131,300,2,594.063643
20260318_111348,2026-03-18T11:23:44,SPSA,251,0.660680988894662,300,2,595.983132
20260318_111348,2026-03-18T11:23:46,SPSA,252,0.6606827724693997,300,2,597.888082
20260318_111348,2026-03-18T11:23:48,SPSA,253,0.6606825439560304,300,2,599.890695
20260318_111348,2026-03-18T11:23:50,SPSA,254,0.6606846121641229,300,2,601.97828
20260318_111348,2026-03-18T11:23:52,SPSA,255,0.6606865980524197,300,2,604.067238
20260318_111348,2026-03-18T11:23:54,SPSA,256,0.6606838101274485,300,2,606.29927
20260318_111348,2026-03-18T11:23:57,SPSA,257,0.66068609923042,300,2,608.604333
20260318_111348,2026-03-18T11:23:59,SPSA,258,0.6606861086404752,300,2,610.929775
20260318_111348,2026-03-18T11:24:02,SPSA,259,0.660681055096064,300,2,613.449352
20260318_111348,2026-03-18T11:24:04,SPSA,260,0.660680952742577,300,2,615.799417
20260318_111348,2026-03-18T11:24:06,SPSA,261,0.6606809464392694,300,2,618.167675
20260318_111348,2026-03-18T11:24:09,SPSA,262,0.6606805755754636,300,2,620.462602
20260318_111348,2026-03-18T11:24:11,SPSA,263,0.6606825525161267,300,2,622.76617
20260318_111348,2026-03-18T11:24:14,SPSA,264,0.6606814453361145,300,2,625.361938
20260318_111348,2026-03-18T11:24:16,SPSA,265,0.6606809978418835,300,2,627.852142
20260318_111348,2026-03-18T11:24:19,SPSA,266,0.6606812479632262,300,2,630.50447
20260318_111348,2026-03-18T11:24:21,SPSA,267,0.6606832355690332,300,2,632.996907
20260318_111348,2026-03-18T11:24:24,SPSA,268,0.6606818171392641,300,2,635.344651
20260318_111348,2026-03-18T11:24:26,SPSA,269,0.6606822609046599,300,2,637.647171
20260318_111348,2026-03-18T11:24:28,SPSA,270,0.6606790946476245,300,2,639.601696
20260318_111348,2026-03-18T11:24:30,SPSA,271,0.6606791696316102,300,2,641.542962
20260318_111348,2026-03-18T11:24:32,SPSA,272,0.6606806127670817,300,2,643.661171
20260318_111348,2026-03-18T11:24:34,SPSA,273,0.6606793429378456,300,2,645.81303
20260318_111348,2026-03-18T11:24:36,SPSA,274,0.6606785550584859,300,2,647.993652
20260318_111348,2026-03-18T11:24:38,SPSA,275,0.6606774823058253,300,2,650.294953
20260318_111348,2026-03-18T11:24:41,SPSA,276,0.6606770873730902,300,2,652.794151
20260318_111348,2026-03-18T11:24:44,SPSA,277,0.660676730013033,300,2,655.392698
20260318_111348,2026-03-18T11:24:46,SPSA,278,0.6606747445435198,300,2,657.946462
20260318_111348,2026-03-18T11:24:49,SPSA,279,0.6606760674387908,300,2,660.56858
20260318_111348,2026-03-18T11:24:51,SPSA,280,0.6606758971826546,300,2,662.946821
20260318_111348,2026-03-18T11:24:54,SPSA,281,0.660676139026983,300,2,665.517493
20260318_111348,2026-03-18T11:24:56,SPSA,282,0.6606758000301853,300,2,667.983331
20260318_111348,2026-03-18T11:24:59,SPSA,283,0.660676880890982,300,2,670.515819
20260318_111348,2026-03-18T11:25:01,SPSA,284,0.6606766148564802,300,2,673.033368
20260318_111348,2026-03-18T11:25:03,SPSA,285,0.6606769601944583,300,2,675.07986
20260318_111348,2026-03-18T11:25:05,SPSA,286,0.6606771106709272,300,2,677.08812
20260318_111348,2026-03-18T11:25:07,SPSA,287,0.660677133619578,300,2,679.068993
20260318_111348,2026-03-18T11:25:09,SPSA,288,0.660676759193108,300,2,681.29169
20260318_111348,2026-03-18T11:25:12,SPSA,289,0.660678287303109,300,2,683.360876
20260318_111348,2026-03-18T11:25:14,SPSA,290,0.6606776348877935,300,2,685.471197
20260318_111348,2026-03-18T11:25:16,SPSA,291,0.6606776095259934,300,2,687.597365
20260318_111348,2026-03-18T11:25:18,SPSA,292,0.6606781419427725,300,2,689.92476
20260318_111348,2026-03-18T11:25:20,SPSA,293,0.6606797281935551,300,2,692.105994
20260318_111348,2026-03-18T11:25:23,SPSA,294,0.6606794407135023,300,2,694.386086
20260318_111348,2026-03-18T11:25:25,SPSA,295,0.6606764796732989,300,2,696.840662
20260318_111348,2026-03-18T11:25:28,SPSA,296,0.6606780347857076,300,2,699.326559
20260318_111348,2026-03-18T11:25:30,SPSA,297,0.6606783940142184,300,2,701.708584
20260318_111348,2026-03-18T11:25:33,SPSA,298,0.6606783113937754,300,2,704.479833
20260318_111348,2026-03-18T11:25:35,SPSA,299,0.6606782531489068,300,2,706.829141
20260318_111348,2026-03-18T11:25:38,SPSA,300,0.6606781205177675,300,2,709.447272
20260318_112742,2026-03-18T11:27:43,COBYLA,1,1.2888109226967348,300,2,0.693882
20260318_112742,2026-03-18T11:27:44,COBYLA,2,1.476560169228128,300,2,1.39953
20260318_112742,2026-03-18T11:27:44,COBYLA,3,1.480305325974252,300,2,2.089061
20260318_112742,2026-03-18T11:27:45,COBYLA,4,1.3734730165501543,300,2,2.815391
20260318_112742,2026-03-18T11:27:46,COBYLA,5,1.0909324460826688,300,2,3.596482
20260318_112742,2026-03-18T11:27:46,COBYLA,6,1.2781796198819944,300,2,4.261607
20260318_112742,2026-03-18T11:27:47,COBYLA,7,1.0909324460826968,300,2,4.91626
20260318_112742,2026-03-18T11:27:48,COBYLA,8,1.0098233504585956,300,2,5.640563
20260318_112742,2026-03-18T11:27:48,COBYLA,9,1.1194592208721688,300,2,6.347328
20260318_112742,2026-03-18T11:27:49,COBYLA,10,1.1941759093010191,300,2,7.070442
20260318_112742,2026-03-18T11:27:50,COBYLA,11,0.8364892099456099,300,2,7.762883
20260318_112742,2026-03-18T11:27:51,COBYLA,12,0.8867612474463187,300,2,8.463259
20260318_112742,2026-03-18T11:27:51,COBYLA,13,0.8645147431102029,300,2,9.17511
20260318_112742,2026-03-18T11:27:52,COBYLA,14,0.9868696090211415,300,2,9.919656
20260318_112742,2026-03-18T11:27:53,COBYLA,15,0.8579536107780626,300,2,10.639838
20260318_112742,2026-03-18T11:27:54,COBYLA,16,0.8364892099456547,300,2,11.397921
20260318_112742,2026-03-18T11:27:54,COBYLA,17,0.8755718417087124,300,2,12.109289
20260318_112742,2026-03-18T11:27:55,COBYLA,18,0.8739113518204569,300,2,12.967701
20260318_112742,2026-03-18T11:27:56,COBYLA,19,0.8282605020327256,300,2,13.642984
20260318_112742,2026-03-18T11:27:56,COBYLA,20,0.8257251890898937,300,2,14.329142
20260318_112742,2026-03-18T11:27:57,COBYLA,21,0.8340688586088354,300,2,15.00158
20260318_112742,2026-03-18T11:27:58,COBYLA,22,0.8304314218862894,300,2,15.659568
20260318_112742,2026-03-18T11:27:59,COBYLA,23,0.8375199714880012,300,2,16.359898
20260318_112742,2026-03-18T11:27:59,COBYLA,24,0.8209638808979253,300,2,17.032576
20260318_112742,2026-03-18T11:28:00,COBYLA,25,0.8180719902332804,300,2,17.710956
20260318_112742,2026-03-18T11:28:01,COBYLA,26,0.8172644670237895,300,2,18.397527
20260318_112742,2026-03-18T11:28:01,COBYLA,27,0.8308254903878171,300,2,19.089656
20260318_112742,2026-03-18T11:28:02,COBYLA,28,0.8400625961532878,300,2,19.76532
20260318_112742,2026-03-18T11:28:03,COBYLA,29,0.8105653064493896,300,2,20.470967
20260318_112742,2026-03-18T11:28:03,COBYLA,30,0.8066985290003239,300,2,21.180225
20260318_112742,2026-03-18T11:28:04,COBYLA,31,0.819528549654824,300,2,21.905794
20260318_112742,2026-03-18T11:28:05,COBYLA,32,0.810017320424428,300,2,22.631738
20260318_112742,2026-03-18T11:28:05,COBYLA,33,0.7952754883343167,300,2,23.337313
20260318_112742,2026-03-18T11:28:06,COBYLA,34,0.7870505051854916,300,2,24.0117
20260318_112742,2026-03-18T11:28:07,COBYLA,35,0.7858136057633968,300,2,24.719659
20260318_112742,2026-03-18T11:28:08,COBYLA,36,0.7848310252844962,300,2,25.405984
20260318_112742,2026-03-18T11:28:08,COBYLA,37,0.7727352285656603,300,2,26.089146
20260318_112742,2026-03-18T11:28:09,COBYLA,38,0.7604501792739353,300,2,26.792015
20260318_112742,2026-03-18T11:28:10,COBYLA,39,0.7487189454244182,300,2,27.509818
20260318_112742,2026-03-18T11:28:10,COBYLA,40,0.7372314160726354,300,2,28.202244
20260318_112742,2026-03-18T11:28:11,COBYLA,41,0.7279081852752494,300,2,28.908031
20260318_112742,2026-03-18T11:28:12,COBYLA,42,0.7196504632936722,300,2,29.655849
20260318_112742,2026-03-18T11:28:13,COBYLA,43,0.7314779937411435,300,2,30.378296
20260318_112742,2026-03-18T11:28:13,COBYLA,44,0.7222081920543962,300,2,31.07537
20260318_112742,2026-03-18T11:28:14,COBYLA,45,0.7132038312705365,300,2,31.789916
20260318_112742,2026-03-18T11:28:15,COBYLA,46,0.7043610389081119,300,2,32.56003
20260318_112742,2026-03-18T11:28:15,COBYLA,47,0.7052587732751531,300,2,33.339256
20260318_112742,2026-03-18T11:28:16,COBYLA,48,0.7055396620485905,300,2,34.315388
20260318_112742,2026-03-18T11:28:17,COBYLA,49,0.6979784001060081,300,2,35.104129
20260318_112742,2026-03-18T11:28:18,COBYLA,50,0.7072077134923868,300,2,35.829661
20260318_112742,2026-03-18T11:28:19,COBYLA,51,0.6986140621374359,300,2,36.55306
20260318_112742,2026-03-18T11:28:19,COBYLA,52,0.6937408660979387,300,2,37.267593
20260318_112742,2026-03-18T11:28:20,COBYLA,53,0.6957567850652474,300,2,37.989258
20260318_112742,2026-03-18T11:28:21,COBYLA,54,0.6937607231283914,300,2,38.77449
20260318_112742,2026-03-18T11:28:22,COBYLA,55,0.6958885221441214,300,2,39.620131
20260318_112742,2026-03-18T11:28:23,COBYLA,56,0.69094481359555,300,2,40.406455
20260318_112742,2026-03-18T11:28:23,COBYLA,57,0.6886033776221514,300,2,41.142769
20260318_112742,2026-03-18T11:28:24,COBYLA,58,0.6885069355106387,300,2,41.910965
20260318_112742,2026-03-18T11:28:25,COBYLA,59,0.690103460877606,300,2,42.730719
20260318_112742,2026-03-18T11:28:26,COBYLA,60,0.6858454638680039,300,2,43.520228
20260318_112742,2026-03-18T11:28:26,COBYLA,61,0.6835045130480626,300,2,44.326181
20260318_112742,2026-03-18T11:28:27,COBYLA,62,0.6850532562721631,300,2,45.126035
20260318_112742,2026-03-18T11:28:28,COBYLA,63,0.6834972690358563,300,2,45.923385
20260318_112742,2026-03-18T11:28:29,COBYLA,64,0.6824349223402154,300,2,46.727501
20260318_112742,2026-03-18T11:28:30,COBYLA,65,0.6802617118283155,300,2,47.578947
20260318_112742,2026-03-18T11:28:31,COBYLA,66,0.6802210416926096,300,2,48.428023
20260318_112742,2026-03-18T11:28:31,COBYLA,67,0.6800842127648695,300,2,49.246413
20260318_112742,2026-03-18T11:28:32,COBYLA,68,0.6797951085096661,300,2,50.130724
20260318_112742,2026-03-18T11:28:33,COBYLA,69,0.677544804073944,300,2,50.956427
20260318_112742,2026-03-18T11:28:34,COBYLA,70,0.6776531100099931,300,2,51.811388
20260318_112742,2026-03-18T11:28:35,COBYLA,71,0.6785527284482328,300,2,52.670475
20260318_112742,2026-03-18T11:28:36,COBYLA,72,0.6762777005416041,300,2,53.575191
20260318_112742,2026-03-18T11:28:37,COBYLA,73,0.6758470078033926,300,2,54.512883
20260318_112742,2026-03-18T11:28:38,COBYLA,74,0.6765577272870676,300,2,55.454063
20260318_112742,2026-03-18T11:28:39,COBYLA,75,0.6759944635119883,300,2,56.399629
20260318_112742,2026-03-18T11:28:40,COBYLA,76,0.6780663874218986,300,2,57.448996
20260318_112742,2026-03-18T11:28:41,COBYLA,77,0.67535267705961,300,2,58.49697
20260318_112742,2026-03-18T11:28:42,COBYLA,78,0.6759584877118476,300,2,59.742449
20260318_112742,2026-03-18T11:28:43,COBYLA,79,0.675739500471137,300,2,60.79537
20260318_112742,2026-03-18T11:28:44,COBYLA,80,0.6756003936331884,300,2,61.785593
20260318_112742,2026-03-18T11:28:45,COBYLA,81,0.6755940901672397,300,2,62.7992
20260318_112742,2026-03-18T11:28:46,COBYLA,82,0.6751326648602617,300,2,63.785242
20260318_112742,2026-03-18T11:28:47,COBYLA,83,0.6752935246626987,300,2,64.797476
20260318_112742,2026-03-18T11:28:48,COBYLA,84,0.6751615022648997,300,2,65.808829
20260318_112742,2026-03-18T11:28:49,COBYLA,85,0.6749037823836121,300,2,66.882544
20260318_112742,2026-03-18T11:28:50,COBYLA,86,0.6753109829904119,300,2,67.865324
20260318_112742,2026-03-18T11:28:51,COBYLA,87,0.6748670722659132,300,2,68.823243
20260318_112742,2026-03-18T11:28:52,COBYLA,88,0.6748726619290091,300,2,69.87717
20260318_112742,2026-03-18T11:28:53,COBYLA,89,0.6749681905678097,300,2,70.896388
20260318_112742,2026-03-18T11:28:54,COBYLA,90,0.6748609111349285,300,2,71.940522
20260318_112742,2026-03-18T11:28:55,COBYLA,91,0.6746910533784387,300,2,72.980408
20260318_112742,2026-03-18T11:28:56,COBYLA,92,0.6747953613294848,300,2,74.041178
20260318_112742,2026-03-18T11:28:57,COBYLA,93,0.6747287217506068,300,2,75.047149
20260318_112742,2026-03-18T11:28:58,COBYLA,94,0.6745665536073165,300,2,76.053599
20260318_112742,2026-03-18T11:28:59,COBYLA,95,0.6745170001862006,300,2,77.070396
20260318_112742,2026-03-18T11:29:00,COBYLA,96,0.6746048025063363,300,2,78.088221
20260318_112742,2026-03-18T11:29:01,COBYLA,97,0.6745075539941442,300,2,79.080376
20260318_112742,2026-03-18T11:29:02,COBYLA,98,0.674482646605145,300,2,80.11792
20260318_112742,2026-03-18T11:29:03,COBYLA,99,0.6743623659644038,300,2,81.162165
20260318_112742,2026-03-18T11:29:04,COBYLA,100,0.6743601240470062,300,2,82.126439
20260318_112742,2026-03-18T11:29:05,COBYLA,101,0.6744347494464182,300,2,83.116388
20260318_112742,2026-03-18T11:29:06,COBYLA,102,0.6743205906015893,300,2,84.075538
20260318_112742,2026-03-18T11:29:07,COBYLA,103,0.674250316329607,300,2,85.066757
20260318_112742,2026-03-18T11:29:08,COBYLA,104,0.6742804367431671,300,2,86.012251
20260318_112742,2026-03-18T11:29:09,COBYLA,105,0.6742452980240443,300,2,86.949533
20260318_112742,2026-03-18T11:29:10,COBYLA,106,0.6743329823380526,300,2,87.720223
20260318_112742,2026-03-18T11:29:11,COBYLA,107,0.6742103516364955,300,2,88.662111
20260318_112742,2026-03-18T11:29:12,COBYLA,108,0.6742050601085839,300,2,89.470875
20260318_112742,2026-03-18T11:29:12,COBYLA,109,0.6741955627460663,300,2,90.274467
20260318_112742,2026-03-18T11:29:13,COBYLA,110,0.6742529628964107,300,2,91.068161
20260318_112742,2026-03-18T11:29:14,COBYLA,111,0.6741938034158653,300,2,91.883894
20260318_112742,2026-03-18T11:29:15,COBYLA,112,0.6741991181630804,300,2,92.708487
20260318_112742,2026-03-18T11:29:16,COBYLA,113,0.6741859938939609,300,2,93.519021
20260318_112742,2026-03-18T11:29:16,COBYLA,114,0.6742349289011912,300,2,94.340316
20260318_112742,2026-03-18T11:29:17,COBYLA,115,0.6742129045570817,300,2,95.15585
20260318_112742,2026-03-18T11:29:18,COBYLA,116,0.6741389007129202,300,2,95.963858
20260318_112742,2026-03-18T11:29:19,COBYLA,117,0.6741711769750259,300,2,96.805501
20260318_112742,2026-03-18T11:29:20,COBYLA,118,0.6741435231747905,300,2,97.599405
20260318_112742,2026-03-18T11:29:21,COBYLA,119,0.6741308290862242,300,2,98.420058
20260318_112742,2026-03-18T11:29:21,COBYLA,120,0.6741318721977254,300,2,99.234721
20260318_112742,2026-03-18T11:29:22,COBYLA,121,0.6741232818265395,300,2,100.05637
20260318_112742,2026-03-18T11:29:23,COBYLA,122,0.6741265543097922,300,2,100.956313
20260318_112742,2026-03-18T11:29:24,COBYLA,123,0.6741417397762218,300,2,101.80107
20260318_112742,2026-03-18T11:29:25,COBYLA,124,0.6741615594237524,300,2,102.742959
20260318_112742,2026-03-18T11:29:26,COBYLA,125,0.6741163828284867,300,2,103.58201
20260318_112742,2026-03-18T11:29:27,COBYLA,126,0.6741144139548015,300,2,104.474324
20260318_112742,2026-03-18T11:29:28,COBYLA,127,0.6741103001773838,300,2,105.453562
20260318_112742,2026-03-18T11:29:29,COBYLA,128,0.6741120464229244,300,2,106.410256
20260318_112742,2026-03-18T11:29:30,COBYLA,129,0.6741068933688095,300,2,107.380349
20260318_112742,2026-03-18T11:29:31,COBYLA,130,0.6741152896839958,300,2,108.410106
20260318_112742,2026-03-18T11:29:32,COBYLA,131,0.674107065824057,300,2,109.404131
20260318_112742,2026-03-18T11:29:33,COBYLA,132,0.6741078719216718,300,2,110.372855
20260318_112742,2026-03-18T11:29:34,COBYLA,133,0.6741068711417652,300,2,111.370606
20260318_112742,2026-03-18T11:29:35,COBYLA,134,0.6741074739878761,300,2,112.483609
20260318_112742,2026-03-18T11:29:36,COBYLA,135,0.6741041199283647,300,2,113.512558
20260318_112742,2026-03-18T11:29:37,COBYLA,136,0.6741031793546313,300,2,114.57566
20260318_112742,2026-03-18T11:29:38,COBYLA,137,0.6741060932893527,300,2,115.810915
20260318_112742,2026-03-18T11:29:39,COBYLA,138,0.6741036855267418,300,2,116.809303
20260318_112742,2026-03-18T11:29:40,COBYLA,139,0.6741013499931399,300,2,117.827597
20260318_112742,2026-03-18T11:29:41,COBYLA,140,0.6741014832231462,300,2,118.84307
20260318_112742,2026-03-18T11:29:42,COBYLA,141,0.6741008548242882,300,2,119.845045
20260318_112742,2026-03-18T11:29:43,COBYLA,142,0.6740998079142567,300,2,120.906633
20260318_112742,2026-03-18T11:29:44,COBYLA,143,0.674098439602846,300,2,121.991385
20260318_112742,2026-03-18T11:29:45,COBYLA,144,0.674100164414518,300,2,123.106991
20260318_112742,2026-03-18T11:29:46,COBYLA,145,0.674098556702298,300,2,124.153479
20260318_112742,2026-03-18T11:29:47,COBYLA,146,0.6740973722964693,300,2,125.175224
20260318_112742,2026-03-18T11:29:48,COBYLA,147,0.6740968723203719,300,2,126.250148
20260318_112742,2026-03-18T11:29:49,COBYLA,148,0.6740969343252349,300,2,127.252636
20260318_112742,2026-03-18T11:29:50,COBYLA,149,0.6740962295256457,300,2,128.28722
20260318_112742,2026-03-18T11:29:51,COBYLA,150,0.6740961280246848,300,2,129.337495
20260318_112742,2026-03-18T11:29:52,COBYLA,151,0.6740964800119491,300,2,130.29824
20260318_112742,2026-03-18T11:29:53,COBYLA,152,0.6740957998175634,300,2,131.069506
20260318_112742,2026-03-18T11:29:54,COBYLA,153,0.6740962776674775,300,2,131.863614
20260318_112742,2026-03-18T11:29:55,COBYLA,154,0.6740959838832219,300,2,132.637392
20260318_112742,2026-03-18T11:29:56,COBYLA,155,0.6740971821657797,300,2,133.473715
20260318_112742,2026-03-18T11:29:56,COBYLA,156,0.6740960623403767,300,2,134.27159
20260318_112742,2026-03-18T11:29:57,COBYLA,157,0.6740958959247136,300,2,135.135732
20260318_112742,2026-03-18T11:29:58,COBYLA,158,0.6740958595112748,300,2,135.937954
20260318_112742,2026-03-18T11:29:59,COBYLA,159,0.6740959306163491,300,2,136.73458
20260318_112742,2026-03-18T11:30:00,COBYLA,160,0.6740957093094098,300,2,137.498167
20260318_112742,2026-03-18T11:30:00,COBYLA,161,0.6740955576376357,300,2,138.305537
20260318_112742,2026-03-18T11:30:01,COBYLA,162,0.6740955637927171,300,2,139.114408
20260318_112742,2026-03-18T11:30:02,COBYLA,163,0.6740956641537978,300,2,139.893005
20260318_112742,2026-03-18T11:30:03,COBYLA,164,0.6740954774769401,300,2,140.651048
20260318_112742,2026-03-18T11:30:04,COBYLA,165,0.6740953253460998,300,2,141.498145
20260318_112742,2026-03-18T11:30:04,COBYLA,166,0.6740952607763862,300,2,142.30068
20260318_112742,2026-03-18T11:30:05,COBYLA,167,0.6740951442581345,300,2,143.27383
20260318_112742,2026-03-18T11:30:06,COBYLA,168,0.6740950780588227,300,2,144.117872
20260318_112742,2026-03-18T11:30:07,COBYLA,169,0.6740949953285774,300,2,144.927728
20260318_112742,2026-03-18T11:30:08,COBYLA,170,0.6740950989163733,300,2,145.711478
20260318_112742,2026-03-18T11:30:09,COBYLA,171,0.6740950679296063,300,2,146.634986
20260318_112742,2026-03-18T11:30:10,COBYLA,172,0.6740948735511394,300,2,147.44935
20260318_112742,2026-03-18T11:30:10,COBYLA,173,0.6740948970026949,300,2,148.276563
20260318_112742,2026-03-18T11:30:11,COBYLA,174,0.6740948801719391,300,2,149.216729
20260318_112742,2026-03-18T11:30:12,COBYLA,175,0.67409485885978,300,2,150.151799
20260318_112742,2026-03-18T11:30:13,COBYLA,176,0.6740948305946904,300,2,151.05652
20260318_112742,2026-03-18T11:30:14,COBYLA,177,0.6740947904074805,300,2,152.145253
20260318_112742,2026-03-18T11:30:15,COBYLA,178,0.6740947339466333,300,2,153.164722
20260318_112742,2026-03-18T11:30:16,COBYLA,179,0.6740947239882021,300,2,154.185613
20260318_112742,2026-03-18T11:30:17,COBYLA,180,0.6740948675251512,300,2,155.167066
20260318_112742,2026-03-18T11:30:18,COBYLA,181,0.6740947625842554,300,2,156.153302
20260318_112742,2026-03-18T11:30:19,COBYLA,182,0.6740946061268785,300,2,157.098505
20260318_112742,2026-03-18T11:30:20,COBYLA,183,0.6740946377265419,300,2,158.139705
20260318_112742,2026-03-18T11:30:21,COBYLA,184,0.6740946173710717,300,2,159.100593
20260318_112742,2026-03-18T11:30:22,COBYLA,185,0.6740946319100343,300,2,160.115405
20260318_112742,2026-03-18T11:30:23,COBYLA,186,0.6740945910007473,300,2,161.195837
20260318_112742,2026-03-18T11:30:24,COBYLA,187,0.6740945902254083,300,2,162.299205
20260318_112742,2026-03-18T11:30:26,COBYLA,188,0.674094585123987,300,2,163.630096
20260318_112742,2026-03-18T11:30:27,COBYLA,189,0.6740946261480488,300,2,164.706136
20260318_112742,2026-03-18T11:30:28,COBYLA,190,0.6740945817752216,300,2,165.797948
20260318_112742,2026-03-18T11:30:29,COBYLA,191,0.6740945629184548,300,2,166.853121
20260318_112742,2026-03-18T11:30:30,COBYLA,192,0.6740945718110902,300,2,167.894658
20260318_112742,2026-03-18T11:30:31,COBYLA,193,0.6740945814369161,300,2,168.903969
20260318_112742,2026-03-18T11:30:32,COBYLA,194,0.6740945607364776,300,2,169.872043
20260318_112742,2026-03-18T11:30:33,COBYLA,195,0.6740945723765609,300,2,171.103731
20260318_112742,2026-03-18T11:30:34,COBYLA,196,0.6740945652861702,300,2,172.086136
20260318_112742,2026-03-18T11:30:35,COBYLA,197,0.6740945537050029,300,2,173.08059
20260318_112742,2026-03-18T11:30:36,COBYLA,198,0.6740945490219404,300,2,174.068761
20260318_112742,2026-03-18T11:30:37,COBYLA,199,0.674094544511189,300,2,175.054801
20260318_112742,2026-03-18T11:30:38,COBYLA,200,0.6740945370677633,300,2,176.013299
20260318_112742,2026-03-18T11:30:39,COBYLA,201,0.6740945330487653,300,2,176.983184
20260318_112742,2026-03-18T11:30:40,COBYLA,202,0.674094528287418,300,2,177.948899
20260318_112742,2026-03-18T11:30:41,COBYLA,203,0.6740945229668145,300,2,178.87111
20260318_112742,2026-03-18T11:30:42,COBYLA,204,0.6740945213444021,300,2,179.706566
20260318_112742,2026-03-18T11:30:43,COBYLA,205,0.6740945160015179,300,2,180.510061
20260318_112742,2026-03-18T11:30:44,COBYLA,206,0.6740945175165385,300,2,181.353226
20260318_112742,2026-03-18T11:30:44,COBYLA,207,0.674094514341131,300,2,182.162125
20260318_112742,2026-03-18T11:30:45,COBYLA,208,0.6740945116532027,300,2,182.952438
20260318_112742,2026-03-18T11:30:46,COBYLA,209,0.6740945136084594,300,2,183.728501
20260318_112742,2026-03-18T11:30:47,COBYLA,210,0.674094511363926,300,2,184.506365
20260318_112742,2026-03-18T11:30:47,COBYLA,211,0.6740945148676621,300,2,185.286564
20260318_113226,2026-03-18T11:32:26,L-BFGS-B,1,0.9278111949882434,300,2,0.695888
20260318_113226,2026-03-18T11:32:41,L-BFGS-B,2,0.8927285977842137,300,2,15.148301
20260318_113226,2026-03-18T11:32:55,L-BFGS-B,3,0.8778007112662894,300,2,29.324082
20260318_113226,2026-03-18T11:33:09,L-BFGS-B,4,0.8704253797899463,300,2,43.655786
20260318_113226,2026-03-18T11:33:24,L-BFGS-B,5,0.8554082648857417,300,2,58.289366
20260318_113226,2026-03-18T11:33:39,L-BFGS-B,6,0.8109831708489433,300,2,73.079544
20260318_113226,2026-03-18T11:33:57,L-BFGS-B,7,1.1544992230636693,300,2,91.026788
20260318_113226,2026-03-18T11:34:14,L-BFGS-B,8,1.4450496945563283,300,2,108.507392
20260318_113226,2026-03-18T11:34:29,L-BFGS-B,9,0.80838375092782,300,2,123.222732
20260318_113226,2026-03-18T11:34:45,L-BFGS-B,10,0.7895416616944098,300,2,139.575092
20260318_113226,2026-03-18T11:35:03,L-BFGS-B,11,0.7371017007753409,300,2,156.871101
20260318_113226,2026-03-18T11:35:18,L-BFGS-B,12,0.6923596009610195,300,2,172.375024
20260318_113226,2026-03-18T11:35:35,L-BFGS-B,13,0.6788149313115934,300,2,188.840666
20260318_113226,2026-03-18T11:35:52,L-BFGS-B,14,0.6738892624548342,300,2,206.532699
20260318_113226,2026-03-18T11:36:07,L-BFGS-B,15,0.6732468140079675,300,2,221.526712
20260318_113226,2026-03-18T11:36:23,L-BFGS-B,16,0.6728790288145591,300,2,237.136491
20260318_113226,2026-03-18T11:36:40,L-BFGS-B,17,0.67293978998913,300,2,254.083133
20260318_113226,2026-03-18T11:36:57,L-BFGS-B,18,0.6728808129916731,300,2,270.871062
20260318_113226,2026-03-18T11:37:12,L-BFGS-B,19,0.672879122977467,300,2,286.580232
20260318_113226,2026-03-18T11:37:29,L-BFGS-B,20,0.6728790339350229,300,2,303.793899
20260318_113226,2026-03-18T11:37:45,L-BFGS-B,21,0.6728790339350229,300,2,318.941299
20260318_113226,2026-03-18T11:37:59,L-BFGS-B,22,0.6728790339350229,300,2,332.833176
20260318_113226,2026-03-18T11:38:14,L-BFGS-B,23,0.6728790339350229,300,2,348.430765
20260318_113226,2026-03-18T11:38:30,L-BFGS-B,24,0.6728790339350229,300,2,364.124614
